Organization_name;Organization_phone;Organization_email;Organization_website
10Hoog bedrijfsmakelaars;+31384552700;;https://www.10hoog.nl
11 Makelaars B.V.;+3122050208;;https://www.11makelaars.nl
123 makelaar;+31206192930;;https://www.123makelaar.nl
1530 Real Estate;+31203081530;;https://www.1530.nl
3stone Real Estate;+31208813020;;https://www.3stone.nl
A2 Bedrijfsmakelaars;+31297231050;;https://www.a2bedrijfsmakelaars.nl
ABC Capital;+31263523232;;https://www.abccapital.nl
Abeco vastgoedadvies;+31206613811;;https://abecovastgoedadvies.nl
About Real Estate;+31851303694;;https://www.aboutrealestate.nl
ACE Real Estate;;;http://www.acerealestate.nl
Activ Vastgoed;+31850737990;;https://www.activ.nl
Activast Bedrijfshuisvesting;+31318751188;;https://www.activast.nl
Adelaer Capital Markets;+31881300400;;https://www.adelaer.nl
Adhoc Horecamakelaars B.V.;+31182533355;;https://adhoc-horecamakelaars.nl
Adriaan van den Heuvel Makelaars en Adviseurs;+31407820849;;https://www.heuvel.nl
Aelmans;+31455753255;;https://www.aelmans.com
Aelmans Adviesgroep;+31455753255;;https://www.aelmans.com
Agriteam Makelaars Olst-Wijhe B.V.;+31570590900;;https://www.agriteam.nl
Agrivesta;;;https://www.agrivesta.nl
Albers Makelaars B.V.;+31356991188;;https://www.albers.nl
Alfred Makelaars;+31505344533;;https://alfredbakker.nl
Alpina makelaardij;+31223747431;;https://www.alpina.nl
Amgea Vastgoed Adviseurs;+31703382930;;http://www.amgea.nl
Amstelkroon Vastgoed;+31206624444;;https://www.amstelkroon.nl
Amstelland Makelaars;+31203209080;;https://www.amstellandmakelaars.nl
Amster Vastgoed;+31202610992;;https://amstervastgoed.nl
Amsterdamse Vastgoed Maatschap;;;http://www.amsterdamsevm.nl
Ans de Wijn Bedrijfshuisvesting B.V.;+31302322303;;https://www.ansdewijn.nl
Arcuris Bedrijfshuisvesting;+31365211900;;https://www.arcuris.eu
Arends Horecamakelaars;+31884200420;;https://www.ahom.nl
Arkus Rentmeesters & Makelaars;+31165567711;;https://www.arkus.nl
Asset Advisory Associates;;;https://aaassociates.nl
Aureum Vastgoed B.V.;+31103075654;;https://aureum.nl
Aussems Vastgoed;+31162671400;;https://www.aussems-vastgoed.nl
AW Horeca makelaars;+31884600640;;https://www.awhm.nl
B&O Retail;+31206764676;;https://b-en-o.nl
B/Mak Bedrijfsmakelaars;+31183304050;;https://www.bmak.nl
B/mak Bedrijfsmakelaars BV;+31183304050;;http://www.bmak.nl
Baltes Makelaars;+31548745100;;https://www.baltesmakelaars.nl
Barmentloo Vastgoed B.V.;+31553127442;;http://www.barmentloovastgoed.nl
Barnhoorn Bedrijfsmakelaardij;+31713050200;;https://www.barnhoornbedrijfsmakelaardij.nl
Barteld makelaar en adviseur;+31585858110;;https://www.barteld.nl
Based Real Estate B.V.;+31202044595;;https://www.based.nl
Basis Bedrijfshuisvesting;+31172470247;;https://www.basis.nl
Batenburg Bedrijfshuisvesting;+31107410066;;https://www.batenburg-bhv.nl
BE. Real Estate Partners;;;https://www.be-realestate.nl
Beaufort Bogaard Vastgoed B.V.;+31302334336;;https://www.beaufort-bogaard.nl
Bedrijfslocatie.NL;+31235251525;;https://www.bedrijfslocatie.nl
Beeuwkes makelaardij;+31703143000;;https://www.beeuwkes.nl
BEEX Real Estate B.V.;+31202091573;;https://beexrealestate.com
BENK. Vastgoed;;;https://www.benkvastgoed.nl
Bentum Makelaardij Commercieel vastgoed;+31528260888;;https://www.bentumvastgoed.nl
Berg Makelaardij;+31383335620;;https://www.bergmakelaardij.nl
Bernheze Makelaars;+31413243818;;https://www.bernheze.nl
Bert van Vulpen;+31756472050;;https://www.bertvanvulpen.nl
Bettings O.G.;+31206769922;;https://www.bettings.nl
Beudeker Bedrijfsakelaars;+31756217722;;https://www.beudeker.nl
Beudeker Makelaars;+31756217722;;https://www.beudeker.nl
Bicker Vastgoed;+31208950080;;https://www.bickervastgoed.com
Bij Abram Bedrijfsmakelaardij;+31182692000;;https://www.bijabram.nl
Binc Bedrijfshuisvesting;+31306624438;;https://www.binckbhv.nl
Björnd makelaardij;+31152135139;;https://www.bjornd.nl
Blauwman Bedrijfsmakelaars;+31202158800;;https://www.blauwman.nl
BLK & Partners;+31341467009;;https://www.blk-partners.nl
Blok Makelaardij;+31102410444;;https://www.blokmakelaars.nl
BM Bedrijfsmakelaars;+31252255015;;http://www.bmbedrijfsmakelaars.nl
BMO Bedrijfsmakelaars;+31571287160;;http://www.bmobedrijfsmakelaars.nl
BMV Bedrijfsmakelaars;+31263552100;;https://www.bmvmakelaars.nl
BMV Zoonen Bedrijfsmakelaars;+31318270000;;https://www.bmvmakelaars.nl
BNP Paribas Real Estate Advisory Netherlands B.V.;+31203059720;;https://www.realestate.bnpparisbas.com
BNV Makelaars;+31207371786;;https://www.bnvmakelaars.nl
Boek & Offermans Makelaars;+31455743233;;https://www.boek-offermans.nl
Boekenrode bedrijfsmakelaars & taxateurs;+31507676690;;https://www.boekenrode.nl
Boekweit | Olie Makelaars en Taxateurs;+31229244234;;https://boekweitolie.nl
Boekweit Olie Makelaars/Taxateurs;+31229244234;;https://www.boekweitolie.nl
Boelens Jorritsma makelaars;+31522252412;;https://www.boelensjorritsmameppel.nl
Boers & Lem;+31534335577;;https://www.boersenlem.nl
Boers & Lem Vastgoedconsultants B.V.;+31534335577;;https://www.boersenlem.nl
Boers Bedrijfsmakelaars B.V.;+31854868321;;https://www.boersrealestate.nl
BOG Makelaardij Westland;+31174419061;;https://www.bogmakelaardijwestland.nl
BOLD Real Estate Solutions B.V.;;;https://www.boldrealestatesolutions.nl
Boogaerdt Bedrijfsmakelaars;+31850656658;;https://www.boogaerdtmakelaars.nl
Booij Makelaardij;+31204222888;;https://booijoz.nl
Boomgaardt bedrijfsmakelaars & register taxateurs;+31507001913;;https://www.boomgaardtbm.nl
Borda Real Estate;+31797999522;;http://bordarealestate.com
Borgdorff Makelaars;+31703124900;;https://www.borgdorff.nl
Bosch & Duyn Makelaars;+31235268888;;https://boschenduyn.nl
Bossers & Fitters Bedrijfshuisvesting B.V.;+31402507060;;https://www.bossers-fitters.nl
Bouwmeester Vastgoed;;;https://www.bouwmeestervastgoed.nl
Brands Bedrijfsmakelaardij;;;https://www.brandsbedrijfsmakelaardij.nl
Brandt Bedrijfshuisvesting;+31341414353;;https://www.bbh.nu
Brantjes Bedrijfsmakelaars;+31251241194;;https://www.brantjesbedrijfsmakelaars.nl
BRCK Bedrijfsmakelaars;+31432057989;;https://www.brckbedrijfsmakelaars.nl
Breadstone;+31355555333;;https://www.breadstone.nl
Brecheisen Bedrijfsmakelaars;+31302331116;;https://www.brecheisenbedrijfsmakelaars.nl
Bregman Bedrijfsmakelaardij o.g. B.V.;+31725156564;;https://www.bregmanbedrijfsmakelaardij.nl
Bremavo makelaarskantoor;+31786122800;;https://www.bremavo.nl
Bremmer Makelaars;+31786772792;;https://www.bremmer.nl
Bresson Van Kempen Bedrijfshuisvesting;+31135400755;;https://www.bressonvankempen.nl
Brickfield;+31207500868;;http://www.brickfield.nl
Brickstone Retail;+31208202393;;https://www.brickstone.nl
Bridgegap;+31103105310;;https://www.bridgegap.com
Bridgegap B.V.;+31103105310;;https://www.bridgegap.com
Bright Real Estate;+31342219119;;https://www.brightrealestate.nl
Bright Real Estate Advisors;+31304010000;;https://www.brightre.nl
BRIKKS;;;https://brikks.nl
BrinkBorgh Makelaardij B.V.;+31206709992;;http://www.brinkborgh.nl
BRiQ Real Estate;+31105119955;;https://www.briq.nl
Broeckx Makelaars;+31492549055;;https://www.woonplezier.nl
Broekman Makelaars;+31723034175;;https://www.broekmanmakelaars.nl
Broersma Bedrijfsmakelaars;+31203059797;;https://www.broersma.nl
Bronsvoord;+31570544644;;https://www.bronsvoordmakelaars.nl
Brouwers Makelaardij;+31437676210;;http://www.brouwersmakelaardij.nl
Bruggeman Bedrijfsmakelaardij;+31113330130;;http://www.bruggemangroep.nl
Bruning De Goede Vastgoedregisseurs B.V.;;;https://bruningdegoede.nl
BT Makelaars;+31203166166;;https://www.btmakelaars.nl
Buis Real Estate;;;https://www.buis.nl
Business 2 Real Estate;;;https://www.b2re.nl
Buuron & Kuipers Makelaars;+31850201390;;https://buuron-kuipers.nl
BVA Makelaardij;+31103040198;;https://www.bvamakelaardij.nl
Campus Vastgoedadvies;+31202614162;;http://www.cvga.nl
Carré de Wit makelaardij;+31416651613;;https://www.carredewit.nl
Castanea Bedrijfsmakelaars B.V.;+31356460050;;https://www.castanea.nl
CBRE B.V.;+31206262691;;https://www.cbre.com
CDB Makelaars;+31235347494;;https://www.cdbmakelaars.nl
CDL Real Estate;;;http://cdl-realestate.nl
Charles Suijkerbuijk Makelaars;+31165541219;;https://www.cs-makelaars.nl
Circle Real Estate;;;https://circle-re.nl
Citizens Real Estate;;;https://citizens-re.nl
CityState;;;https://www.citystate.nl
CLIQ makelaars;+31725712300;;https://www.cliqmakelaars.nl
CMC Bedrijfsmakelaars;+31318501000;;https://www.cmcbedrijfsmakelaars.nl
COG Makelaars B.V.;+31703066050;;https://www.cogmakelaars.nl
Coldwell Banker Netherlands;+31887007007;;https://www.cb-netherlands.com
Colliers International;+31205405555;;https://www.colliers.com
Comma Vastgoed;+31334450705;;https://www.commavastgoed.nl
Commence;+31302270570;;http://www.commence.nu
Company Real Estate;+31108482123;;https://www.companyrealestate.nl
Concito Vastgoed;+31343476699;;https://concito.nl
Connect Real Estate;+31302650909;;https://www.connect-realestate.nl
Constan Bedrijfshuisvesting;+31481366150;;https://www.constanbeheer.nl
Costera Vastgoedconsultancy;;;https://www.costera.nl
Creating Retail Parks B.V.;+31718876600;;https://www.creatingretailparks.nl
Culmen Real Estate;+31303031700;;https://www.culmenrealestate.nl
Cushman & Wakefield;+31208002000;;https://www.cushwake.com
D&B Retail;+31203640029;;https://www.denb-retail.nl
David de Leeuw Bedrijfsmakelaar;;;https://www.daviddeleeuw.nl
De Graaf & Groot Makelaars;+31206627140;;https://www.degraafengroot.nl
De Graaf Van Vilsteren Garantiemakelaars;;;https://degraafvanvilsteren.nl
De Heeren van 100;;;https://deheerenvan100.nl
De Heeren van Steen;+31702629144;;https://www.heerenvansteen.nl
De Heul Vastgoed B.V.;+31727507319;;https://www.deheulvastgoed.nl
De Jong Real Estate Consultancy;;;http://dejong-rec.nl
De Juiste Waarde B.V.;+31264742225;;https://www.dejuistewaarde.nl
De Keizer Makelaarsgroep;+31306375566;;https://www.dekeizer.nl
De Koning & Witzier;+31348502224;;https://www.koningwitzier.nl
De Koning Bedrijfsmakelaars;+31348488008;;https://www.dekoningbedrijfsmakelaars.nl
De Koster cs Makelaars;+31356233641;;https://www.dekostercs.nl
De Lobel & Partners;+31762061006;;https://www.delobelpartners.nl
De makelaars van Altena;+319002221110;;https://www.demakelaarsvanaltena.nl
De Makelaers;+31202156215;;https://www.demakelaers.nl
De Mik Real Estate Partners B.V.;+31104530303;;https://www.mik.nl
De Molenaar Vastgoed;+31502340123;;https://www.demolenaarvastgoed.nl
De Ongebonden Makelaar;;;https://ongebondenmakelaar.nl
de Pagter Vastgoed;+31118643181;;https://www.depagtervastgoed.nl
De Raad Bedrijfsmakelaars;+31714051500;;https://deraadbedrijfsmakelaars.nl
De Raad Makelaars;+31714051500;;https://www.deraadmakelaars.nl
De Texelse Makelaars;+31222313555;;https://www.detexelsemakelaars.nl
De Vos Makelaardij;+31582037072;;https://www.devosmakelaardij.nl
De Vries Robbé;+31703658844;;https://www.vriesrobbe.nl
De Zorgvastgoed Specialist;+31732004849;;https://www.dzvs.nl
Deelen makelaardij;+31356015360;;https://www.deelen.nl
Deen Bedrijfsmakelaars;+31523263520;;http://www.deenbedrijfsmakelaars.nl
DeenKoopmans Makelaardij;+31851308299;;https://deenkoopmans-makelaardij.nl
Didden Bedrijfshuisvesting;+31103070403;;https://www.diddenbedrijfshuisvesting.nl
Dijksman Bedrijfsmakelaars;+31152577177;;https://www.dijksman.nl
Dijkstra Bedrijfsmakelaardij;+31512541400;;https://www.dijkstrabedrijfsmakelaardij.nl
Dils;+31206648585;;https://www.dils.com
Ditters Bedrijfsmakelaars;+31318657657;;https://www.ditters.nl
Ditters Franssen;+31316524951;;https://www.dittersfranssen.nl
DK Makelaars;+31263638494;;https://www.dkmakelaars.nl
DKZ Bedrijfshuisvesting B.V.;;;https://dkz.nl
DMS Stelpstra;+31507210877;;https://www.dms-stelpstra.nl
Domicilie Bedrijfshuisvesting;+31850670070;;https://www.domicilie.nl/werken
Domvast makelaars;+31302230231;;https://www.domvast.nl
DP Vastgoed Consultancy;;;https://dpvastgoed.nl
Drieklomp Makelaars en Rentmeesters;+31306920714;;https://www.drieklomp.nl
Drieman Garantiemakelaars;;;
Driessen makelaardij;+31243607055;;https://www.driessenmakelaardij.nl
DRS Makelaars;+31206405252;;https://www.drs.eu
Dupree Makelaars;+31182551255;;https://www.dupreemakelaars.nl
Edens Horeca Makelaars;+31582162423;;https://edensmakelaars.nl
Effort Huisvesting;+31850070700;;https://www.efforthuisvesting.nl
Eijkemans Bedrijfsmakelaardij;;;https://www.eijkemans.nl
EKZ Makelaars;+31297567863;;https://www.ekz.nl
Elders Real Estate;+31251673137;;http://eldersres.nl
Elevate Real Estate;;;https://elevate-re.nl
ELSI Real Estate Partners;;;https://www.elsirep.nl
Elzen Bedrijfsmakelaars;+31135285285;;https://www.elzenwinkelman.nl
Engelvast;+31202402593;;https://www.engelvast.nl
Envalue Real Estate;+31857737007;;http://www.envalue.com
EPIC Zorgvastgoed;;;https://www.epic-zorgvastgoed.nl
EQ Real Estate;+31762055141;;https://www.eqrealestate.nl
ERA Master Makelaars;+31345619633;;https://www.mastermakelaars.nl
Euverman Bedrijfsmakelaars;+31742912421;;https://www.euverman.eu
Faasse & Fermont NVM Makelaars;+31113250555;;https://faasse-fermont.nl
Falkenstein Bedrijfshuisvesting;+31297521248;;https://www.falkenstein.nl
First Floor Real Estate;;;https://www.ffrealestate.nl
First Real Estate;+31208887999;;https://www.fre.nl
FJ Bedrijfsmakelaars;+31575848586;;https://www.fjbedrijfsmakelaars.nl
Flinq Vastgoed;+31207373296;;https://flinq-vastgoed.nl
Flore vastgoed;+31655820843;;https://www.florevastgoed.nl
Focum;+31887306500;;https://www.focum.nl
Forest Real Estate;+31712071770;;https://www.forestrealestate.nl
Forvalue;+31338003225;;https://forvalue.nl
Frans Hettema Makelaardij;+31587600850;;https://www.franshettema.nl
Freox vastgoedadvies;;;https://www.factorvastgoed.nl
Fris Bedrijfsmakelaars;+31203017720;;https://www.fris.nl
Frisia Makelaars B.V.;+31703420101;;https://www.frisiamakelaars.nl
GA Makelaars;+31204203200;;https://www.gamakelaars.nl
Gert-Jan Scholten Makelaardij;;;https://www.gjsmakelaardij.nl
Getreuer Makelaars;+31570516061;;https://www.getreuer.nl
GNM Makelaardij;+31433621400;;https://www.gnmmakelaardij.nl
Goedhart in Business;;;https://www.goedhartvastgoed.nl
Goud Bedrijfshuisvesting;+31180318222;;https://www.goud-bhv.nl
Goudswaard Real Estate;;;https://www.goudswaardrealestate.nl
Govaert Makelaardij;+31334630444;;https://www.govaert.nl
Greeven Makelaardij;+31235739234;;https://greevenmakelaardij.nl
Groenewegen vastgoedadvies;+31702210715;;http://groenewegenvastgoedadvies.nl
Groenewold Bedrijfsmakelaars;+31591645778;;https://www.groenewoldbog.nl
Groot & Nieuweboer Makelaardij;+31228520520;;https://www.grootnieuweboer.nl
GRREY Company;+31718900232;;http://www.grrey.nl
Günther Bedrijfsmakelaars;+31756141616;;https://www.guntherbedrijfsmakelaars.nl
H&W Makelaars Haaglanden;+31703560412;;https://www.hwmakelaars.nl
Haag Wonen;+31702507070;;https://haagwonen.nl
Habeko vastgoed;;;https://www.habekovastgoed.nl
Habets & Straten Makelaars/Taxateurs O.G.;+31455709300;;https://www.hens.nl
Hamer en Ran Garantiemakelaars;+31235319440;;https://hamerenran.nl
Hans Janssen Zakelijk;+31243244244;;https://www.hansjanssen.nl
Hanson Bedrijfsmakelaars;+31235329955;;https://www.hanson.nl
Hanze Staete Makelaardij & Vastgoedbeheer;+31383556770;;https://www.hanzestaetemakelaardij.nl
Hanzeparc B.V.;+31630397444;;https://www.hanzeparc.nl
Hauz;+31103060990;;https://hauz.nl
Hauzer & Partners;+31773219130;;https://www.hauzerenpartners.com
Havenstad Makelaars;;;https://www.havenstadmakelaars.nl
Heemskerk Investeringen;+31252375736;;https://www.heemskerkinvesteringen.nl
Heeren Makelaars;+31204702255;;http://www.heerenmakelaars.nl
HeidaDeken Vastgoedadviseurs B.V.;+31206447744;;https://www.heidadeken.nl
Hellema Bedrijfsmakelaars;+31582155990;;https://www.hellema.nl
Helmig & Fermont Bedrijfsonroerendgoed;+31164796009;;https://www.helmig-fermont.nl
Hermans Bedrijfsmakelaars;+31495451002;;https://www.hermans-bedrijfsmakelaars.nl
Hermsen Makelaars;+31243233200;;https://hermsenmakelaarsnijmegen.nl
Hettema Bedrijfshuisvesting;+31492565000;;https://www.hettemabhv.nl
Heuvel Vastgoed;+31402065432;;https://www.heuvelvastgoed.nl
Hevaza Vastgoed BV;+31104182099;;https://www.hevazavastgoed.nl
Heyen Makelaars;+31356947821;;https://www.heyen.nl
HITH Vastgoed Advies;+31332047071;;https://www.hithvastgoedadvies.nl
HNTR Real Estate;+31702224022;;https://www.hntr.nl
Hoekstra & van Eck Bedrijfshuisvesting;+31202050223;;https://hoekstraenvaneck.nl
Hoekstra Bedrijfsmakelaars;+31582337333;;https://www.bedrijfsmakelaarshoekstra.nl
Hoen Makelaardij B.V.;+31203054444;;https://www.hoenmakelaars.nl
Hoen Makelaars B.V.;+31203054444;;https://www.hoenmakelaars.nl
Hoffstad Bedrijfsmakelaars OG;+31229213541;;https://www.hoffstad.nl
Hofstede Bedrijfshuisvesting;+31850495155;;https://www.hofstedebedrijfshuisvesting.nl
Holland West;+31172491646;;https://www.hollandwest.nl
Hoogenraad NVM Makelaars;+31703993634;;https://www.hoogenraad.nl
Hoogveste Makelaars;+31184210000;;https://www.hoogveste.nl
Hopman & Schreuder Bedrijfshuisvesting B.V.;+31793428777;;https://hopman-schreuder.nl
Hopman Makelaars;+31251657700;;https://www.hopmanmakelaars.nl
Horeca Advies Partners;+31857600229;;https://hap-horecamakelaardij.nl
HorecaAdviesBureau.nl;+319001212123;;https://www.horecaadviesbureau.nl
Horecamakelaardij Knook & Verbaas;;;https://horecamakelaardij-knook-verbaas.nl
Hormax Horecamakelaars;;;https://hormax.nl
Hornman Makelaars;+31765446325;;https://www.hornmanmakelaars.nl
Horwath HTL;+31338003225;;https://horwathhtl.com
HRS Bedrijfsmakelaars;+31738000008;;https://www.hrs.nl
HT Bedrijfsmakelaars;+31318884646;;https://htbedrijfsmakelaars.nl
Huis & Vos Bedrijfsmakelaars;+31591548111;;https://huisenvos.nl
Hulshof Makelaars b.v.;+31703817181;;https://www.hulshof.nl
Hunink & Holtrigter Woning- en Bedrijfsmakelaars;+31555220226;;https://www.hhmakelaars.nl
Hutten Makelaardij & Bedrijfshuisvesting;+31318519002;;https://www.huttenmakelaardij.nl
HVAB Horecamakelaardij;+31725090770;;https://hvab.nl
HVMS;+31756510640;;https://www.hvms.nl
ID Bedrijfsmakelaars;+31357200000;;https://www.idmakelaars.nl
IGLO Vastgoed;+31102131231;;https://www.iglovastgoed.nl
IJsselstreek Zakelijk;+31886253522;;https://www.ijsselstreekzakelijk.nl
IMAG Vastgoedadvies;;;https://www.imagvastgoed.nl
Industrial Real Estate Partners;+31889899898;;https://www.industrial.nl
Ing. Roelfzema Vastgoedadviseurs;+31206768086;;http://www.roelfzema.com
Insight Real Estate;+31207052383;;https://insightrealestate.nl
Interhave Bedrijfshuisvesting;+31555763008;;http://www.interhave.nl
Intermakelaars Bedrijfshuisvesting;+31528230230;;https://www.intermakelaars.nl
Invast Hotels;+31703385833;;https://invasthotels.com
Investables;;;https://www.investables.nl
JA! Jaap Admiraal makelaardij;+31203790900;;https://www.jamakelaardij.nl
Jack Frenken Bedrijfsmakelaars;+31475335225;;http://www.jackfrenken.nl
Jacobus Recourt;+31703646801;;https://www.recourt.nl
Jacobus Recourt Bedrijfsmakelaars B.V.;+31703646801;;https://www.recourt.nl
Janson Nadorp Weatherall;+31703307530;;https://www.jnwmakelaars.nl
JB Vastgoed;;;https://www.jbvastgoed.nl
JB Vastgoed Advies;+31742051018;;https://www.jbvastgoedadvies.nl
JIP in business;+31850656959;;https://jipinbusiness.nl
JLL B.V.;+31205405405;;https://www.jll.nl
Jolie & Baaten Bedrijfsmakelaardij;+31235371777;;https://jolie-baaten.nl
Jong Real Estate B.V.;;;
Joosten Bedrijfshuisvesting;+31492729008;;https://www.jbhv.nl
Joosten Makelaardij;+31316523341;;https://www.joostenmakelaardij.nl
Jorritsma Vastgoed Makelaardij en Projectmanagement;+31455778099;;https://www.jorritsma-vastgoed.nl
Jou: Jonkmans  o/g en u;;;https://www.jou.nu
JRS Makelaars;+31235319540;;https://jrsmakelaars.nl
Juffer Vastgoed;+31383315922;;https://www.juffervastgoed.nl
Just Properties;;;https://www.justproperties.nl
Kamminga Bedrijfsmakelaars;+31882998999;;https://www.kammingabedrijfsmakelaars.nl
Kappelle Makelaars;+31356284444;;https://www.kappelle.nl
Keij & Stefels;+31205775333;;https://www.keij-stefels.nl
Keizer Karel Bedrijfsmakelaars;+31247600800;;https://www.kkbedrijfsmakelaars.nl
Kerk & Co;+31850733057;;https://kerkenco.nl
Kesp Makelaars & Taxateurs B.V.;+31883551311;;https://www.kesp.nl
Keus Bedrijfsmakelaardij;+31318615442;;https://www.keusgroep.nl
KIN Makelaars;+31161244844;;https://www.kinmakelaars.nl
KITT Real Estate Advisory;;;https://www.kittrealestate.com
Klaassen Horeca-advies & bedrijfsovernames;+31332581330;;https://klaassenbv.nl
Klaassen Horecamakelaardij B.V.;+31332581330;;https://klaassenbv.nl
Klotz Bedrijfshuisvesting;+311338200100;;https://www.klotz.nu
Kocken Makelaars;+31299428888;;https://www.kocken.nl
KockvanBenthem Business;+31541522022;;https://www.kvbm.nl
Kokelenberg & Ouwehand Vastgoed Adviseurs;+31203422444;;https://www.kokelenberg-ouwehand.nl
Kolpa van der Hoek Bedrijfsmakelaars;+31104226144;;https://www.kolpavanderhoek.nl
Kolsteren Bedrijfshuisvesting;+31495588111;;https://www.kolsterenbedrijfshuisvesting.nl
Kooistra Feenstra Bedrijfsmakelaars;+31503113031;;https://www.kooistrafeenstra.nl
Koops Makelaardij;+31235329817;;https://www.koopsmakelaardij.nl
Koppers Makelaardij;+31252515482;;https://www.koppers.nl
Kos Bedrijfsmakelaars;;;https://kosbedrijfsmakelaars.nl
Kroese Paternotte;+31203467766;;https://www.kroesepaternotte.com
Kroese Tempert;+31384537372;;https://www.kroesetempert.nl
KroesePaternotte;+31203467766;;https://www.kroesepaternotte.com
Kruidenier Recreatie Bedrijfsmakelaardij B.V.;+31341276355;;https://www.kruidenier.nu
Kuenen Makelaardij;+31315330816;;https://www.kuenenmakelaardij.nl
Kuijs Reinder Kakes;+31755555555;;https://www.krk.nl
KWB Vastgoed;+31263827618;;https://www.kwbvastgoed.nl
Lafeber makelaardij;+31182536888;;https://lafeber.nl
Lamberink Bedrijfsmakelaars;+31592338420;;https://www.lamberink.nl
Lammert Wilbrink Commercieel vastgoed;+31318250250;;https://www.lammertwilbrink.nl
Langezaal Bedrijfsmakelaars;+31703851101;;https://www.langezaal.nl
Lanting Vastgoed Advies;;;
Lauteslager Makelaars;;;https://www.lauteslager.nl
Lenaers Bedrijfsmakelaardij & Taxaties;+31165520304;;https://www.lenaers.nl
Level2 Makelaars;+31242042020;;https://www.level2makelaars.nl
Lex & Co Winkelvastgoed;+31108411712;;http://www.lexenco.nl
Lieberom Makelaars;+31598392907;;https://www.lieberommakelaars.nl
Local Joe;+31853033485;;http://localjoe.nl
Lubbers Makelaardij;+31356920004;;http://www.lubbersmakelaardij.nl
Luc Beumer Vastgoed;+31242602602;;https://www.lucbeumervastgoed.nl
LUC Makelaars;+31765650466;;https://www.lucvastgoed.nl
LUC Vastgoedadviseurs;+31765650466;;https://www.lucvastgoed.nl
Ludenhoff Groep Utrecht;+31302368484;;https://www.ludenhoff.nl
M2 Real Estate;;;https://www.m2realestate.nl
Maat Makelaars;+31475351970;;http://www.maatmakelaars.nl
MADE Real Estate;;;https://www.maderealestate.nl
Magneet makelaars;+31725096070;;https://www.magneetmakelaars.nl
Maijer Makelaars;;;https://maijermakelaars.nl
Majoor Makelaars;+31356036282;;https://www.makelaarsmajoor.nl
Makelaar in Horeca B.V.;+31183615183;;https://makelaarinhoreca.nl
Makelaardij A.J.M. Rood;+31725121773;;https://www.makelaardijrood.nl
Makelaardij Jan de Lange B.V.;;;https://www.makelaardij-delange.nl
Makelaardij Terpstra;+31513626215;;https://www.terpstramakelaardij.nl
Makelaarsgroep Ameo, Amsterdam en Omstreken B.V.;+31206001600;;https://www.ameo.nl
Makelaarskantoor Van Uffelen;+31402415959;;https://www.vanuffelen.nl
Marble Real Estate;;;http://marble-re.nl
Mares Makelaars;+31703000116;;https://www.maresmakelaars.nl
Martijn de Lange Bedrijfsmakelaars;+31703230551;;https://www.delangemakelaars.nl
Match of Real Estate;;;https://matchofrealestate.nl
Maxx Bedrijfsmakelaars;+31886299099;;https://www.maxxzakelijk.nl
Maxximmo;;;
Mens Makelaars;+31252419135;;https://www.mens.nl
Midden Nederland Makelaars;+31342423400;;https://mnm.nl
Miedema Makelaardij;+31704155633;;https://www.miedemamakelaars.nl
MILA Vastgoed;;;https://milavastgoed.nl
MKH Vastgoed Amersfoort B.V.;+31337852242;;https://mkhvastgoed.nl
MLG-Vastgoed Advies;;;https://www.mlgadvies.nl
Molenaar Bedrijfshuisvesting;+31108208777;;https://www.molenaarbedrijfshuisvesting.nl
Molenbeek Makelaars;+31302568812;;https://www.molenbeek.nl
Momentum Real Estate;;;https://www.momentumre.nl
Mooijekind Vleut Makelaars;+31233033484;;https://mooijekindvleut.nl
MRTN;;;https://www.mrtnvastgoed.nl
Mulder ten Kate Vastgoed;+31553034000;;https://muldertenkate.nl
Muller Bedrijfs Onroerend Goed;+31384237111;;https://www.mullerbog.nl
Muus Real Estate;+31302381818;;https://www.muusre.nl
MV Vastgoed Advies B.V.;+31854833501;;https://www.mvvastgoedadvies.nl
MVGM;+31334605301;;https://www.mvgm.nl
MYSS;+31882358320;;https://myss.nl
Naber Makelaars;+31135400700;;https://www.naber.nl
NAI Netherlands;+31203640007;;https://www.nainetherlands.nl
Nassau Makelaars B.V.;+31306917585;;https://www.nassau.nl
NDRP Bedrijfsmakelaars N.V.;+31703757557;;https://www.ndrp.nl
Nedaf makelaardij + Uwhorecamakelaardij;+31852006245;;https://nedafmakelaardij.nl
NederRealEstate B.V.;+31883684400;;https://www.nederrealestate.nl
Nes Vastgoed;+31206685154;;https://nesvastgoed.nl
NEW NRG Real Estate;;;http://www.new-nrg.nl
New Real Estate;;;https://www.newre.nl
NewRe;;;https://www.newre.nl
Nextfund;+31507575100;;https://www.nextfund.nl
Nieboer Makelaars;+31597417550;;https://www.nieboer.nl
Nienaber Bedrijfsmakelaars;+31356950599;;https://www.nienaber.nl
NL Real Estate;+31207073000;;https://www.nlrealestate.nl
NOBL Real Estate B.V.;;;https://www.nobl-re.nl
Noordland Makelaars;+31512525565;;https://www.noordlandmakelaars.nl
O&G Bedrijfsmakelaars;+31206884515;;https://www.ogbedrijfsmakelaars.nl
OAG Makelaars & Rentmeesters;+31135801505;;http://oag-vastgoed.nl
OC Bedrijfsmakelaars B.V.;+31503116666;;https://www.ocbedrijfsmakelaars.nl
ON Real Estate;;;https://www.on-realestate.nl
Ondernemersvastgoed;+31203084790;;https://ondernemersvastgoed.nl
Ooms Makelaars Bedrijfshuisvesting B.V.;+31104248888;;https://www.ooms.com
Oostas Makelaars;+31382022198;;https://www.oostasmakelaars.nl
Open Makelaars;+31267502750;;https://www.openmakelaars.nl
Oppject bedrijfsmakelaars & taxateurs Assen;+31592767066;;https://www.oppject.nl
Orange Invest;+31850600788;;https://www.orangeinvest.nl
Oranjeborch Makelaars B.V.;+31306000282;;https://www.oranjeborch.nl
Oranjestate Vastgoed;+31715137430;;https://www.oranjestate.nl
Otten en Stok Makelaars;;;https://www.ottenstok.nl
Ouwehand v/d Meijden Makelaars B.V.;+31203306644;;https://www.ovdm.nl
Overspaern Makelaardij;+31235366366;;https://www.overspaern.nl
Overvoorde Makelaardij;+31174415445;;http://www.overvoorde.nl
Overzier Property Consulting;+31102121556;;https://www.overzier.com
P van den Bosch Bedrijfsmakelaars;+31203052929;;https://www.pvdbosch.nl
PAND makelaars;+31232340340;;https://www.pand-makelaars.nl
Parc Makelaars;+31104365700;;https://www.parc.nl
Parella;+31206708090;;https://parella-group.nl
Partner Bedrijfshuisvesting;+31413244288;;https://www.partnerbedrijfshuisvesting.nl
Patist Makelaardij;+31302077880;;https://www.patistmakelaardij.nl
Peelrand Makelaardij;+31478568846;;https://peelrand.com
Peters en Partners;+31202111211;;https://www.petersenpartners.nl
PG Bedrijfshuisvesting B.V.;+31102200646;;https://www.pg-bedrijfshuisvesting.nl
Piet Swart Vastgoed;+311227542074;;https://www.pietswartvastgoed.nl
Pieter Haverkamp Bedrijfsmakelaardij;+31725404030;;https://www.pieterhaverkamp.nl
Pinedo Makelaardij;;;https://pinedo.nl
Platform Real Estate;;;https://www.pfre.nl
Poortman Makelaars;+31522464040;;https://www.poortmanmakelaars.nl
Popal Real Esate;;;https://www.ringersrealestate.com
Popma Makelaars;+31582121480;;https://www.popma.nl
Portegies Makelaars;;;https://www.portegiesmakelaars.nl
Postma & Partners Bedrijfsmakelaars B.V.;+31306046545;;https://www.postmamakelaars.nl
Prime Realty Partners;;;https://primerealtypartners.nl
Prismaat Makelaars O.G.;+31251262060;;https://www.prismaat.nl
Prismaat Makelaars o.g. B.V.;+31251262060;;https://www.prismaat.nl
Prominent Vastgoed;+31318495333;;https://www.prominentvastgoed.nl
Property Value Consultants;+31570610020;;https://pv-c.nl
Prosperi Makelaardij;+31702192277;;https://www.prosperimakelaardij.nl
Provier Vastgoedadviseurs;+31513205444;;https://www.provier.nl
Punt Makelaars;+31302737464;;https://puntmakelaars.nl
Putter Vastgoed B.V.;+31115611489;;https://www.puttervastgoed.nl
Q Bedrijfslocaties;+31402122212;;https://www.q-bedrijfslocaties.nl
Q Groep;+31850406200;;http://www.qmakelaars.nl
Q Makelaars Bedrijfshuisvesting;+31850406201;;https://www.qmakelaars.nl
Q Makelaars Bedrijfshuisvesting B.V.;+31850406201;;https://www.qmakelaarsbedrijfshuisvesting.nl
Q Retail;+31850187569;;https://www.qretail.nu
Q-Bus Makelaars b.v.;+31251318749;;https://www.q-vastgoed.nl
Qualitas Bedrijfsmakelaars;+31497584710;;https://www.qualitasbedrijfsmakelaars.nl
Raadhage makelaardij;+31413378921;;https://www.raadhage.nl
Raimond Weenink Bedrijfsmakelaardij;+31135955955;;https://www.raimondweenink.nl
Randstadbeheer B.V.;;;https://www.randstadbeheer.com
Rappange Makelaardij B.V.;+31206240363;;http://www.rappange.com
Raveel Bedrijfsmakelaardij;+31229278010;;https://www.raveel.nl
RBM Real Estate;+31702001800;;https://www.rbm.nl
RBMT bedrijfsmakelaars & taxateurs;+31513644355;;http://www.rbmt.nl
RE/MAX Direct;+31229291313;;https://www.remax.nl
RealEffect;+31884449444;;http://www.realeffect.nl
Rebell vastgoed;+31851304434;;https://www.rebellvastgoed.nl
RéBM Bedrijfsmakelaardij;+31334768530;;https://www.rebm.nl
REBO Vastgoed Groep;+31384559777;;http://www.rebogroep.nl
Recreatief Bedrijfsmakelaars;+31592462844;;https://www.recratief-bedrijfsmakelaars.nl
Redept;+31858771460;;https://www.redept.nl
Redres De Erfgoedexpert B.V.;+31356470878;;https://www.redres.nl
Regio Makelaars;+31204978822;;https://www.regiomakelaars.nl
Reibestein en Partners Bedrijfshuisvesting;+31703319799;;https://www.reibestein.nl
Reliplan;+31881669500;;https://www.reliplan.nl
RemmersVanGorkom Vastgoedadviseurs;+31353033200;;https://www.remmersvangorkom.nl
René Dijkstra Bedrijfsmakelaars;+31299416234;;https://www.renedijkstra.nl
René Vaassen Makelaardij B.V.;+31475331133;;https://www.vaassen.nl
Rene Veenboer Vastgoed;;;https://www.veenboer.nl
Renew Real Estate;;;https://renew-re.nl
RHS Real Estate;+31341411900;;https://www.raadhuisstaete.nl
Rick van Hulten bedrijfsmakelaar;+31653922186;;http://www.rickvanhulten.nl
Ries Willems Bedrijfsmakelaardij;+31412450874;;https://www.rieswillems.nl
Rijndelta Makelaars;+31104132460;;https://www.rijndelta.com
Rob Swart makelaar & taxateur bedrijfshuisvesting B.V.;+31793513111;;https://www.rob-swart.nl
Rocket Real Estate;+31207784152;;https://www.rocketrealestate.nl
Rockpoint Asset Management;;;https://rockpoint.nl
Rodenburg Makelaars;+31555268268;;https://www.rodenburg.nl
Rondmakers;+31306592333;;https://rondmakers.nl
Roos makelaars;+31519220030;;https://www.roosmakelaars.nl
Rozenhage Bedrijfshuisvesting;+31344673567;;https://www.rozenhage.nl
Rozenhage Makelaardij;+31344673567;;https://rozenhage.nl
RSP Makelaars;+31736488750;;https://www.rspmakelaars.nl
Ruijters Bedrijfsmakelaars;+31433292929;;https://www.ruijters.nl
RV&C Vastgoedadviseurs;+31703352429;;https://www.rvenc.nl
RWRES | real estate solutions;+31208204499;;http://www.rwres.nl
Saelmans Makelaardij;+31495533893;;https://www.saelmans.nl
Santen & Gasille Bedrijfsmakelaardij B.V.;+31174511300;;https://www.santen-gasille.nl
Saris & Partners Makelaars;+31736233311;;https://www.sarisenpartners.nl
Savills;+31203012000;;https://www.savills.nl
Schaub & Partners Bedrijfshuisvesting;+31104223220;;https://www.schaub.nl
Schenk Makelaars;+31235572288;;https://schenkmakelaars.nl
Schep Vastgoed;+31182389030;;https://www.schep.nl
Schipbeek Makelaars;+31570234250;;https://www.schipbeekmakelaars.nl
Schipholland Makelaars;+31206533121;;https://www.schipholland.nl
Schoeman consultants;+31208330330;;https://www.schoeman.nl
Schoonhoven Bedrijfsmakelaardij;+31582129200;;https://www.schoonhoven.biz
Sentjens vastgoed advisering;;;https://www.sentjens.com
Shield Capital;+31202091581;;https://shieldcapital.nl
Siewe Zakelijk;+31356990043;;https://www.siewe.nl
Sinke Komejan Bedrijfsmakelaars Taxateurs;+31118620062;;https://www.sinke.nl/zakelijk
SITE Real Estate;+31703307350;;https://www.jnwmakelaars.nl
Slijkhuis Vastgoed;;;https://www.slijkhuis.nl
Slippens Vermeer Bedrijfshuisvesting;+31402123360;;https://www.slippensvermeer.nl
Smedema Makelaars en Taxateurs;+31485512495;;https://www.smedema.nl
Smit Bedrijfshuisvesting;+31318614559;;https://www.smitbedrijfshuisvesting.nl
Smits Van Beek Bedrijfshuisvesting;+311335455650;;https://www.smitsvanbeek.nl
Snel ERA makelaars & taxateurs;+31334947720;;https://sneleramakelaars.nl
Snelder Zijlstra Makelaars;+31534852222;;https://www.snelderzijlstra.nl
Snoek Bedrijfshuisvesting B.V.;+31183640404;;https://www.snoekbedrijfshuisvesting.nl
Solidus Realty;;;https://solidusrealty.nl
Sopar Makelaars;+31299420097;;https://www.sopar.nl
Soro Vastgoed;+31134688565;;https://www.soro.nl
Spauwen | Werrij;+31457370210;;https://www.spauwen-werrij.nl
SpitsVastgoed;+31850642006;;https://www.spitsvastgoed.nl
Spitters Vastgoed;+31495450838;;https://www.spitters.eu
Spring Real Estate;+31206589598;;https://www.springrealestate.nl
Sprmrkt vastgoed;;;https://www.sprmrktvastgoed.nl
SQM Vastgoed;+31703460930;;https://www.sqm.nl
SRMT Schuurman Register Makelaars & Taxateurs;+31108700229;;https://www.srmtonline.nl
ST Makelaars;+31243651010;;https://www.s-t.nl
Stadsmakelaar Rotterdam;+31102004285;;https://www.stadsmakelaarrotterdam.nl
Statement Real Estate B.V.;+31302670602;;https://www.statement.eu
Stedenrij;+31882376757;;https://www.stedenrij.nl
Stonevest B.V.;+31243249133;;https://www.stonevest.nl
Stoneweg;+31243249133;;https://www.stonevest.nl
Storimans en Partners;+31765226080;;https://www.storimansenpartners.nl
Story Real Estate B.V.;+31202504460;;https://www.storyrealestate.nl
STRCTRD Realty;;;https://www.strctrdrealty.com
Strijbosch Thunnissen;+31243651010;;https://stmakelaars.nl
Swart Bedrijfshuisvesting;+31104181577;;https://swartbhv.nl
Sweco Vastgoedmanagement B.V;+31883363636;;http://www.swecovastgoedmanagement.nl
Switch Real Estate;+31102121556;;https://www.switchrealestatre.nl
Synchro Bedrijfshuivesting;+31887962476;;https://www.synchrobedrijfshuisvesting.nl
Teer Bedrijfsmakelaars;+31251229225;;http://www.teer.nl/bedrijfsmakelaars.html
Telestho Vastgoed Advies;+31207370150;;https://www.telesthovastgoed.nl
Ten Hag Bedrijfsmakelaars;+31538506070;;https://www.tenhag.nl
Ten Holter Realty Partners B.V.;;;https://www.thrp.nl
Terpstra Bedrijfsmakelaardij;+31513626215;;https://www.terpstrabedrijfsmakelaardij.nl
The McDevitt Company;+31207051078;;https://www.mcdevitt.com
Themis Vastgoedpartners B.V.;+31703538180;;https://www.themisvastgoedpartners.nl
Thoma Bedrijfsmakelaars;+31314369859;;http://www.thoma.nl
Thoma Post;+31570614607;;https://thomapost.nl
Thoma Post Bedrijfsmakelaars Apeldoorn;+31555260860;;https://www.thomabedrijfsmakelaars.nl/
Tijmen Kroes Makelaardij B.V.;+31555212155;;https://www.tijmenkroes.nl
Tijssen & Vos;+31503184999;;https://www.tijssenvos.nl
TLF Real Estate;+31403046040;;https://www.tlfrealestate.com
TND Real Estate;+31202807030;;https://tnd-re.nl
Together Vastgoed;;;http://www.togethervastgoed.nl
Topic Real Estate;+31202381049;;https://www.topic-realestate.nl
Toussaint + Van Wijk woning- en bedrijfsmakelaardij;+31181619888;;http://www.toussaintvanwijk.nl
TREC;+31207070330;;https://www.trec.nl
Troostwijk Makelaars OG;+31886666666;;https://www.troostwijk.nl
Tysma Makelaardij;+31570623140;;https://www.tysma.nl
Uijthoven Vastgoedadvies;+31204706704;;https://www.uijthoven.nl
Uniek Bedrijfsmakelaars;+31553034200;;https://www.uniekmakelaars.nl
Uppelschoten Real Estate;+31850605055;;https://www.uppelschotenrealestate.nl
V&H Vastgoed;+31433255070;;https://www.venhvastgoed.nl
Valkering & Co. Vastgoed Makelaars;+31206442220;;https://www.valkering.co
Valks Bedrijfsmakelaar;+31736455151;;https://www.valksbedrijfsmakelaars.nl
Van Alkemare Bedrijfsmakelaardij;+31226343220;;https://vanalkemare.nl
Van Amelsvoort Bedrijfsmakelaardij B.V.;+31135452500;;https://www.amelsvoort.com
Van Baar Bedrijfsmakelaars;+31174638750;;https://www.vanbaar.nl
Van Cromvoirt Makelaars;;;http://www.vancromvoirt.nl
Van Daal Makelaardij;;;https://www.vandaalmakelaardij.nl
Van Dam Makelaars;+31343516353;;https://www.vandammakelaars.nl
Van de Bunt Vastgoed Adviseurs;+31318203003;;https://www.vandebunt.eu
Van de Graaff Vastgoed;;;https://www.vandegraaffvastgoed.nl
Van de Laar Makelaars;+31433100666;;https://www.vandelaarmakelaars.nl
Van de Loosdrecht Recreatie Bedrijfs Makelaars;+31341252363;;https://vandeloosdrecht.nl
Van de Rijt Vastgoed;+31736100344;;https://vdrijtvastgoed.nl
Van de Steege Bedrijfsmakelaardij;+31204357020;;https://www.vandesteege.nl
Van de Water;+31765242400;;https://www.vandewatergroep.nl
Van de Wouw & Partners;+311335230507;;https://www.vdwpartners.nl
Van de Zande Bedrijfsmakelaardij B.V.;+31416333059;;http://www.zande.nl
Van den Berk & Kerkhof Makelaars en Taxateurs;+31492386600;;https://www.berkkerkhof.nl
Van den Bosch Makelaars;+31162321616;;https://www.vandenboschmakelaars.com
Van der Borden Makelaardij o.g.;+31725141000;;https://www.vanderborden.nl
Van der Giessen & Van Herk Bedrijfsmakelaars;+31180420707;;https://www.vandergiessenenvanherk.nl
Van der Hoek makelaardij B.V.;+31341412241;;https://www.vanderhoekmakelaardij.nl
Van der Horst Bedrijfsmakelaardij;+31345652113;;https://www.vanderhorstmakelaardij.nl
Van der Kooij Bedrijfsmakelaars;+31717600050;;https://www.vanderkooijmakelaars.nl
Van der Krabben;+31412632928;;https://www.krabben.nl
Van der Linden Bedrijfsmakelaars;+31365330077;;https://www.vanderlinden.nl
Van der Panne Woning- en Bedrijfsmakelaardij B.V.;+31180332222;;https://www.vdpanne.nl
Van der Rijt Vastgoed;+31736100344;;https://www.vanderrijtcv.nl
Van der Sande Makelaars;+31765147454;;https://www.vandersande.nl
Van der Wal Makelaars;+31517395225;;https://www.vanderwalmakelaars.nl
Van Dijk & Ten Cate Vastgoedadviseurs;+31204423060;;https://www.vandijktencate.com
Van Egmond Bedrijfsmakelaars;+31857603932;;https://www.vanegmondbedrijfsmakelaars.nl
Van Ekeren Kuiper;+31345632100;;http://www.vanekerenkuiper.nl
Van Ewijk Makelaardij;+31653330737;;http://www.ewijkmakelaardij.nl
Van Herk Bedrijfsmakelaars;+31104147600;;https://www.vanherk.nl
Van Lonkhuizen Makelaars B.V.;+31294480355;;https://www.vanlonkhuizen.nl
Van Luling BOG B.V.;+31208881088;;https://www.vanlulingbog.nl
Van Maarschalkerwaard Makelaardij o.g. B.V.;+31205721111;;https://www.van-maarschaklerwaard.nl
Van Maarschalkerwaart Makelaardij o.g. b.v.;+31205721111;;https://van-maarschalkerwaart.nl
Van Overbeek Bedrijfsmakelaars;+31299428898;;https://www.vanoverbeek.nl
Van Riezen Vastgoed;+31384228229;;https://www.vanriezenvastgoed.nl
Van Rooij Bedrijfsmakelaars;+31365298077;;https://www.vanrooij.nl
Van Rossum Makelaars Bedrijfshuisvesting B.V.;+31302315254;;https://www.vanrossummakelaars.nl
Van Schuppen Makelaars;+31318519157;;https://www.vanschuppenmakelaars.nl
Van Steenveldt Vastgoedpartners B.V.;;;https://www.vastgoedpartners.com
Van 't Hof Bedrijfshuisvesting & Taxaties;+31182520111;;https://www.vanthof.nl
Van Thiel Bedrijfsmakelaardij;+31246424444;;https://www.vthiel.nl
Van Vliet Bedrijfsmakelaars & Adviseurs;+31180434343;;https://www.vanvliet.net
Van Vliet Makelaardij O.G;+31553550450;;https://www.vanvlietmakelaardij.nl
Van Waalwijk van Doorn Makelaars-Taxateurs;+31235277422;;https://www.wado.nl
Van Westrhenen Voerman;+31320233211;;https://www.vanwestrhenen-bog.nl
Van Zanten Vastgoedadviseurs;;;https://vanzantenvastgoedadviseurs.nl
Van Zeeburg, Luimes en Lebbink Makelaars;+31575462359;;https://www.demakelaarsvanbronckhorst.nl
Vastgoed Partner;+31851234555;;https://www.vastgoedpartner.nl
VC Makelaars;+31318504345;;https://www.vcmakelaars.nl
VDW Horecamakelaars;+31302345080;;https://vdweerd.nl
Veerman Makelaars o.g. Loosdrecht B.V.;+31355825333;;https://www.veermanmakelaars.nl
Velder Vastgoed;+31251343443;;https://veldervastgoed.nl
Verbeek Bedrijfsmakelaars;+31243711100;;https://www.verbeek-bedrijfsmakelaars.nl
Verdoold Bedrijfsmakelaars;+31180591515;;https://www.verdoold.nl
Vermaas Bedrijfsmakelaardij;+31528263343;;https://www.vermaas.nl
Vermeer Vastgoed Advies;+31408880788;;https://www.vermeervastgoedadvies.nl
Verschuuren & Schreppers Bedrijfsmakelaars B.V.;+31402111112;;https://www.verschuuren-schreppers.nl
VeTeBe Makelaars;+31773262600;;https://www.vetebe.nl
VGW Bedrijfshuisvesting;+31302626505;;https://www.vgwbog.nl
VHM Makelaars Hoorn;+31229263964;;https://www.hoorn.vhmmakelaars.nl
Vida bedrijfsmakelaars og;;;https://vidabedrijfsmakelaars.nl
Vintges Advies en Makelaardij;+31707830303;;https://www.vintgesadvies.nl
Visch & Van Zeggelaar;+31356933544;;https://www.visch-vanzeggelaar.nl
Visser Makelaardij o.g.;+31299820200;;https://www.vissermakelaardij.nl
Vissers & Partners Bedrijfsmakelaars;+31402129010;;https://www.visserspartners.nl
Vizier Makelaardij OG;+31302901806;;https://www.viziermakelaardij.nl
Vlaanderen Meybaum Makelaars o.g.;+31294281670;;https://www.vlaanderenmeybaum.nl
Vlieg Bedrijfsmakelaars OG;+31725110600;;https://www.vlieg.nl
Vogelaar Winkels & Vastgoed;;;https://www.winkels-vastgoed.nl
Volkert Makelaardij;+31299479474;;https://www.volkertmakelaardij.nl
Voorbach Makelaardij;+31332585584;;http://www.voorbachmakelaardij.nl
Voorma en Walch Makelaars in het Gooi;+31355399080;;http://www.voorma-walch.nl
VP&A Makelaardij;+31135390000;;https://www.vpagroep.nl
Vrielink Makelaardij;+31570591007;;https://www.vrielinkmakelaars.nl
VSO Makelaars;+31883180180;;http://www.vsomakelaars.nl
VSR Makelaars;+31402444040;;https://www.vsrmakelaars.nl
W&W Vastgoed;+31318644022;;https://wwvastgoed.nl
Waalveste Vastgoed;+31481465516;;http://www.waalveste.nl
Wagenhof Real Estate;+31235325533;;https://www.wagenhof.nl
Waltmann & Co. Bedrijfshuisvesting;+31786141030;;https://www.waltmann.com
Waltmann Bedrijfshuisvesting;+31306622255;;https://www.waltmannbedrijfshuisvesting.nl
wbos makelaars;+31235290080;;https://www.wbosmakelaars.nl
WD Commercieel Vastgoed;;;https://wdcommercieelvastgoed.nl
Westfries Goed Makelaars & Adviseurs;+31229284090;;https://www.westfriesgoed.nl
Westgeest Makelaardij;+31712048492;;https://www.westgeest-makelaardij.nl
Weusthuis Makelaardij;+31541727027;;https://www.weusthuismakelaardij.nl
Wisse Vastgoed;+31118580055;;https://www.wissevastgoed.nl
WMK Vastgoed B.V.;+31702121921;;https://www.wmkvastgoed.nl
Wonen Breburg;+31135833553;;https://www.wonenbreburg.nl
Woonbron Makelaars;+31889660300;;https://www.woonbronmakelaars.nl
WVK Makelaars;;;
WVO Makelaars;+31306920304;;https://www.wvo.nl
Yield Real Estate;+31208948941;;https://www.yieldrealestate.nl
ZAAK Bedrijfsmakelaars;+31342794057;;https://zaakbedrijfsmakelaars.nl
Zadelhoff Vastgoedadviseurs;+31302381818;;https://www.zadelhoffvastgoedadviseurs.nl
Zij Makelaardij;+31642514078;;https://www.zijmakelaardij.nl
Zoomer makelaardij;+31783036666;;https://www.zoomermakelaardij.nl
Zuiderlink Real Estate;+31732034444;;https://www.zuiderlink.com
Zuijdplas & Partners Bedrijfshuisvesting B.V.;+31306342225;;https://www.zuijdplas.nl
Zuiver Almere Vastgoed Adviseurs;+31362030760;;https://www.zuiveralmere.nl
Zurla Real Estate Partners;;;https://zurlarep.com
;;;
;;;
;;;
;;;
;;;
;;;
;;;
;;;
;;;
;;;
;;;
;;;
;;;
;;;
;;;
;;;
;;;
;;;
;;;
;;;
;;;
;;;
;;;
;;;
;;;
;;;
;;;
;;;
;;;
;;;
;;;
;;;
;;;
;;;
;;;
;;;
;;;
;;;
;;;
;;;
;;;
;;;
;;;
;;;
;;;
;;;
;;;
;;;
;;;
;;;
;;;
;;;
;;;
;;;
;;;
;;;
;;;
;;;
;;;
;;;
;;;
;;;
;;;
;;;
;;;
;;;
;;;
;;;
;;;
;;;
;;;
;;;
;;;
;;;
;;;
;;;
;;;
;;;
;;;
;;;
;;;
;;;
;;;
;;;
;;;
;;;
;;;
;;;
;;;
;;;
;;;
;;;
;;;
;;;
;;;
;;;
;;;
;;;
;;;
;;;
;;;
;;;
;;;
;;;
;;;
;;;
;;;
;;;
;;;
;;;
;;;
;;;
;;;
;;;
;;;
;;;
;;;
;;;
;;;
;;;
;;;
;;;
;;;
;;;
;;;
;;;
;;;
;;;
;;;
;;;
